,preds_AP_model_data_305475974,labels_AP_model_data_305475974,preds_AP_model_data_369953070,labels_AP_model_data_369953070,preds_AP_model_data_879273778,labels_AP_model_data_879273778,preds_AP_model_data_965681145,labels_AP_model_data_965681145,preds_AP_model_data_992391276,labels_AP_model_data_992391276,preds_AP_SP_data_305475974,labels_AP_SP_data_305475974,preds_AP_SP_data_369953070,labels_AP_SP_data_369953070,preds_AP_SP_data_879273778,labels_AP_SP_data_879273778,preds_AP_SP_data_965681145,labels_AP_SP_data_965681145,preds_AP_SP_data_992391276,labels_AP_SP_data_992391276,preds_SP_model_data_305475974,labels_SP_model_data_305475974,preds_SP_model_data_369953070,labels_SP_model_data_369953070,preds_SP_model_data_879273778,labels_SP_model_data_879273778,preds_SP_model_data_965681145,labels_SP_model_data_965681145,preds_SP_model_data_992391276,labels_SP_model_data_992391276,preds_TSNE_AP_SP_model_data_305475974,labels_TSNE_AP_SP_model_data_305475974,preds_TSNE_AP_SP_model_data_369953070,labels_TSNE_AP_SP_model_data_369953070,preds_TSNE_AP_SP_model_data_879273778,labels_TSNE_AP_SP_model_data_879273778,preds_TSNE_AP_SP_model_data_965681145,labels_TSNE_AP_SP_model_data_965681145,preds_TSNE_AP_SP_model_data_992391276,labels_TSNE_AP_SP_model_data_992391276,preds_TSNE_SP_model_data_305475974,labels_TSNE_SP_model_data_305475974,preds_TSNE_SP_model_data_369953070,labels_TSNE_SP_model_data_369953070,preds_TSNE_SP_model_data_879273778,labels_TSNE_SP_model_data_879273778,preds_TSNE_SP_model_data_965681145,labels_TSNE_SP_model_data_965681145,preds_TSNE_SP_model_data_992391276,labels_TSNE_SP_model_data_992391276
0,1.0,1,0.0,1,1.0,1,1.0,1,0.0,1,1.0,1,1.0,1,1.0,1,1.0,1,1.0,1,1.0,1,1.0,1,1.0,1,1.0,1,1.0,1,1.0,1,1.0,1,1.0,1,1.0,1,1.0,1,0.0,1,1.0,1,0.0,1,0.0,1,0.0,1
1,0.0,1,0.0,1,0.0,1,0.0,1,1.0,1,1.0,1,1.0,1,1.0,1,1.0,1,1.0,1,1.0,1,1.0,1,1.0,1,1.0,1,1.0,1,1.0,1,0.0,1,1.0,1,1.0,1,1.0,1,0.0,1,0.0,1,0.0,1,0.0,1,1.0,1
2,0.0,1,0.0,1,0.0,0,0.0,0,0.0,1,0.0,1,0.0,1,0.0,0,0.0,0,1.0,1,0.0,1,0.0,1,0.0,0,0.0,0,1.0,1,0.0,1,0.0,1,0.0,0,0.0,0,1.0,1,0.0,1,0.0,1,0.0,0,0.0,0,1.0,1
3,1.0,1,0.0,0,0.0,0,0.0,1,0.0,1,1.0,1,0.0,0,0.0,0,1.0,1,1.0,1,0.0,1,0.0,0,0.0,0,1.0,1,1.0,1,1.0,1,0.0,0,0.0,0,1.0,1,1.0,1,1.0,1,0.0,0,0.0,0,0.0,1,0.0,1
4,0.0,1,0.0,1,0.0,0,1.0,1,0.0,1,1.0,1,1.0,1,0.0,0,1.0,1,1.0,1,1.0,1,1.0,1,0.0,0,0.0,1,1.0,1,0.0,1,1.0,1,0.0,0,1.0,1,0.0,1,0.0,1,0.0,1,0.0,0,1.0,1,0.0,1
5,0.0,0,0.0,1,1.0,1,0.0,1,0.0,0,0.0,0,0.0,1,1.0,1,1.0,1,0.0,0,0.0,0,0.0,1,1.0,1,0.0,1,0.0,0,0.0,0,0.0,1,1.0,1,1.0,1,0.0,0,0.0,0,0.0,1,0.0,1,1.0,1,0.0,0
6,0.0,0,0.0,1,1.0,1,0.0,0,0.0,0,0.0,0,1.0,1,1.0,1,0.0,0,0.0,0,0.0,0,1.0,1,1.0,1,0.0,0,0.0,0,0.0,0,0.0,1,1.0,1,0.0,0,0.0,0,0.0,0,1.0,1,1.0,1,0.0,0,0.0,0
7,0.0,0,1.0,1,0.0,1,0.0,0,0.0,1,0.0,0,1.0,1,0.0,1,0.0,0,1.0,1,0.0,0,1.0,1,0.0,1,0.0,0,1.0,1,0.0,0,1.0,1,0.0,1,0.0,0,1.0,1,0.0,0,0.0,1,0.0,1,0.0,0,1.0,1
8,0.0,0,0.0,1,0.0,1,1.0,1,0.0,1,0.0,0,0.0,1,1.0,1,1.0,1,1.0,1,0.0,0,1.0,1,1.0,1,1.0,1,1.0,1,0.0,0,0.0,1,1.0,1,1.0,1,1.0,1,0.0,0,1.0,1,0.0,1,0.0,1,0.0,1
9,0.0,1,0.0,1,0.0,1,0.0,1,0.0,0,1.0,1,1.0,1,1.0,1,1.0,1,0.0,0,1.0,1,1.0,1,1.0,1,0.0,1,0.0,0,0.0,1,0.0,1,0.0,1,1.0,1,1.0,0,0.0,1,0.0,1,0.0,1,1.0,1,0.0,0
10,0.0,1,0.0,0,0.0,1,0.0,0,1.0,1,1.0,1,0.0,0,0.0,1,0.0,0,1.0,1,1.0,1,0.0,0,0.0,1,0.0,0,1.0,1,1.0,1,0.0,0,0.0,1,0.0,0,1.0,1,1.0,1,0.0,0,0.0,1,0.0,0,0.0,1
11,0.0,0,0.0,0,0.0,0,0.0,0,1.0,1,0.0,0,0.0,0,0.0,0,0.0,0,1.0,1,0.0,0,0.0,0,0.0,0,0.0,0,1.0,1,0.0,0,0.0,0,0.0,0,0.0,0,1.0,1,0.0,0,0.0,0,0.0,0,0.0,0,1.0,1
12,0.0,0,0.0,0,0.0,0,0.0,1,0.0,1,0.0,0,0.0,0,0.0,0,1.0,1,1.0,1,0.0,0,0.0,0,0.0,0,1.0,1,0.0,1,0.0,0,1.0,0,0.0,0,0.0,1,1.0,1,0.0,0,1.0,0,0.0,0,1.0,1,1.0,1
13,1.0,1,0.0,0,0.0,0,0.0,0,0.0,0,1.0,1,0.0,0,0.0,0,0.0,0,0.0,0,1.0,1,0.0,0,0.0,0,1.0,0,0.0,0,1.0,1,1.0,0,0.0,0,0.0,0,0.0,0,0.0,1,0.0,0,0.0,0,0.0,0,0.0,0
14,0.0,1,1.0,1,0.0,0,0.0,0,0.0,0,1.0,1,1.0,1,0.0,0,0.0,0,0.0,0,1.0,1,1.0,1,0.0,0,0.0,0,0.0,0,0.0,1,1.0,1,0.0,0,0.0,0,0.0,0,1.0,1,0.0,1,0.0,0,0.0,0,0.0,0
15,0.0,1,0.0,1,0.0,1,0.0,1,0.0,1,0.0,1,1.0,1,1.0,1,0.0,1,0.0,1,0.0,1,1.0,1,1.0,1,0.0,1,0.0,1,0.0,1,1.0,1,0.0,1,0.0,1,0.0,1,0.0,1,1.0,1,0.0,1,0.0,1,0.0,1
16,0.0,1,0.0,1,0.0,1,0.0,1,0.0,1,1.0,1,1.0,1,1.0,1,1.0,1,0.0,1,1.0,1,1.0,1,1.0,1,1.0,1,1.0,1,1.0,1,0.0,1,0.0,1,0.0,1,0.0,1,1.0,1,0.0,1,1.0,1,0.0,1,0.0,1
17,0.0,1,0.0,0,0.0,0,0.0,1,0.0,0,1.0,1,0.0,0,0.0,0,0.0,1,0.0,0,1.0,1,0.0,0,0.0,0,1.0,1,0.0,0,0.0,1,0.0,0,0.0,0,0.0,1,0.0,0,0.0,1,0.0,0,0.0,0,0.0,1,0.0,0
18,0.0,0,0.0,0,0.0,1,0.0,1,0.0,0,0.0,0,0.0,0,1.0,1,1.0,1,0.0,0,0.0,0,0.0,0,1.0,1,1.0,1,0.0,0,0.0,0,0.0,0,1.0,1,0.0,1,0.0,0,0.0,0,0.0,0,0.0,1,0.0,1,0.0,0
19,0.0,0,0.0,0,0.0,1,0.0,0,0.0,0,0.0,0,0.0,0,1.0,1,0.0,0,0.0,0,0.0,0,0.0,0,1.0,1,1.0,0,0.0,0,0.0,0,0.0,0,0.0,1,0.0,0,0.0,0,0.0,0,0.0,0,1.0,1,0.0,0,0.0,0
